"key","source","context","cs","en","fr","de","ru","es-ES"
"CANNOT_SEND_TO_MYSELF","Cannot send to myself","","","","","","",""
"TR_3RD_PARTY_WALLETS","3rd party wallets","","","","","","",""
"TR_3RD_PARTY_WALLETS_DESC","These coins are supported by Trezor but only in 3rd party wallets. These coins cannot be managed by Trezor Suite or Wallet.","","","","","","",""
"TR_404_DESCRIPTION","Well… something is broken. Please proceed to Dashboard.","","","","","","",""
"TR_404_GO_TO_DASHBOARD","Go to Dashboard now!","","","","","","",""
"TR_404_TITLE","Error 404","","","","","","",""
"TR_ACCESS_HIDDEN_WALLET","Access Hidden Wallet","","","","","","",""
"TR_ACCESS_STANDARD_WALLET","Access standard Wallet","","","","","","",""
"TR_ACCOUNT_ENABLE_PASSPHRASE","Enable passphrase","","","","","","",""
"TR_ACCOUNT_EXCEPTION_AUTH_ERROR","Authorization error.","","","","","","",""
"TR_ACCOUNT_EXCEPTION_DISCOVERY_EMPTY","There are no coins enabled in settings.","","","","","","",""
"TR_ACCOUNT_EXCEPTION_DISCOVERY_ERROR","Discovery error.","","","","","","",""
"TR_ACCOUNT_EXCEPTION_NOT_ENABLED","{networkName} not enabled in settings.","","","","","","",""
"TR_ACCOUNT_EXCEPTION_NOT_EXIST","Account does not exist","","","","","","",""
"TR_ACCOUNT_HASH","Account #{number}","Used in auto-generated account label","","","","","",""
"TR_ACCOUNT_IMPORTED_ANNOUNCEMENT","A watch-only account is a public address you’ve imported into your wallet, allowing the wallet to watch for outputs but not spend them.","","","","","","",""
"TR_ACCOUNT_IS_EMPTY","The account is empty","","","","","","",""
"TR_ACCOUNT_PASSPHRASE_DISABLED","Change passphrase settings to use this device","","","","","","",""
"TR_ACCOUNTS_MENU_TITLE","Accounts","","","","","","",""
"TR_ACQUIRE_DEVICE","Acquire device","call-to-action to use device in current window when it is used in other window","","","","","",""
"TR_ACQUIRE_DEVICE_DESCRIPTION","Please close the tab in your browser or click the button below to acquire the device since Trezor can be only used in one session.","","","","","","",""
"TR_ACQUIRE_DEVICE_TITLE","Trezor is being used in a browser","","","","","","",""
"TR_ACTIVATE_ALL","Activate all","","","","","","",""
"TR_ADD_ACCOUNT","Add account","","","","","","",""
"TR_ADD_HIDDEN_WALLET","Add hidden wallet","","","","","","",""
"TR_ADD_NEW_ACCOUNT","Add new account","","","","","","",""
"TR_ADDITIONAL_SECURITY_FEATURES","Additional security features are waiting to be done.","","","","","","",""
"TR_ADDRESS","Address","Used as label for receive/send address input","","","","","",""
"TR_ADDRESS_IS_NOT_SET","Address is not set","","","","","","",""
"TR_ADDRESS_IS_NOT_VALID","Address is not valid","","","","","","",""
"TR_ADDRESS_MODAL_BTC_DESCRIPTION","Try to always use a fresh address as a prerequisite to keep your transactions and accounts untrackable by anyone else than you.","","","","","","",""
"TR_ADDRESS_MODAL_CHECK_ON_TREZOR","Check on your Trezor now","","","","","","",""
"TR_ADDRESS_MODAL_CHECK_ON_TREZOR_DESC","For even more security you can check the receive address on your Trezor to make sure nobody hacked your Wallet.","","","","","","",""
"TR_ADDRESS_MODAL_CLIPBOARD","Copy address","","","","","","",""
"TR_ADDRESS_MODAL_TITLE","{networkName} receive address","","","","","","",""
"TR_ADVANCED_RECOVERY_OPTION","Advanced recovery (5 minutes)","Button for selecting advanced recovery option","","","","","",""
"TR_ADVANCED_SETTINGS","Advanced settings","Shows advanced sending form","","","","","",""
"TR_ALLOW_ANALYTICS","Allow anonymous data storing","","","","","","",""
"TR_ALLOW_ANALYTICS_DESCRIPTION","Trezor Suite does NOT track any balance-related or personal data, all anonymously","","","","","","",""
"TR_AMOUNT","Amount","","","","","","",""
"TR_AMOUNT_IS_NOT_ENOUGH","Not enough funds","","","","","","",""
"TR_AMOUNT_IS_NOT_IN_RANGE_DECIMALS","Maximum {decimals} decimals allowed","","","","","","",""
"TR_AMOUNT_IS_NOT_NUMBER","Amount is not a number","","","","","","",""
"TR_AMOUNT_IS_NOT_SET","Amount is not set","","","","","","",""
"TR_AND","and","","","","","","",""
"TR_ASSETS","Assets","","","","","","",""
"TR_ATTENTION_COLON_THE_LOG_CONTAINS","Attention: The log contains your XPUBs. Anyone with your XPUBs can see your account history.","","","","","","",""
"TR_AUTH_CONFIRM_FAILED_RETRY","Retry","","","","","","",""
"TR_AUTH_CONFIRM_FAILED_TITLE","Passphrase mismatch!","","","","","","",""
"TR_AUTHENTICATING_DEVICE","Authenticating device...","","","","","","",""
"TR_BACK","Back","Back button","","","","","",""
"TR_BACKEND_CONNECT","Connect","","","","","","",""
"TR_BACKEND_DISCONNECTED","Backend is disconnected","","","","","","",""
"TR_BACKGROUND_GALLERY","Homescreen background gallery","","","","","","",""
"TR_BACKUP","Backup","","","","","","",""
"TR_BACKUP_FAILED","Backup failed and your Wallet is not backed up. You can still use it without any problems but highly recommend you following the link and see how to successfully create a backup.","","","","","","",""
"TR_BACKUP_FINISHED_BUTTON","My recovery card is safe","Exit button after backup is finished","","","","","",""
"TR_BACKUP_FINISHED_TEXT","Backup is now on your recovery seed card. Once again dont lose it and keep it private!","Text that appears after backup is finished","","","","","",""
"TR_BACKUP_RECOVERY_SEED","Backup (Recovery seed)","","","","","","",""
"TR_BACKUP_SUBHEADING_1","Backup seed consisting of words is the ultimate key to your Wallet and all the important data. Trezor will generate the seed and you should write it down and store it securely.","Explanation what recovery seed is","","","","","",""
"TR_BASIC_RECOVERY_OPTION","Basic recovery (2 minutes)","Button for selecting basic recovery option","","","","","",""
"TR_BCH_ADDRESS_INFO","Bitcoin Cash changed the format of addresses to cashaddr. Use external tool to convert legacy addresses to the new format. {TR_LEARN_MORE}","","","","","","",""
"TR_BEGIN","Let's begin!","","","","","","",""
"TR_BRIDGE_SUBHEADING","Trezor Bridge is a communication tool to facilitate the connection between your Trezor and your internet browser.","Description what Trezor Bridge is","","","","","",""
"TR_BUY","Buy","","","","","","",""
"TR_CAMERA_NOT_RECOGNIZED","The camera was not recognized.","","","","","","",""
"TR_CAMERA_PERMISSION_DENIED","Permission to access the camera was denied.","","","","","","",""
"TR_CARDANO_WALLET","Cardano wallet","","","","","","",""
"TR_CHANGELOG","Changelog","Part of the sentence: Learn more about latest version in {TR_CHANGELOG}.","","","","","",""
"TR_CHECK_FOR_DEVICES","Check for devices","","","","","","",""
"TR_CHECK_FOR_UPDATES","Check for updates","","","","","","",""
"TR_CHECK_PGP_SIGNATURE","Check PGP signature","","","","","","",""
"TR_CHECK_RECOVERY_SEED","Check recovery seed","","","","","","",""
"TR_CHECK_SEED","Check seed","","","","","","",""
"TR_CHECK_YOUR_DEVICE","Check your device","Placeholder in seed input asking user to pay attention to his device","","","","","",""
"TR_CHOOSE_BETWEEN_NO_PASSPHRASE","Choose between no-passphrase or hidden wallet with passphrase.","","","","","","",""
"TR_CLEAR","Clear","Clear form button","","","","","",""
"TR_CLOSE","Close","","","","","","",""
"TR_COIN_DISCOVERY_IN_PROGRESS","Coin discovery in progress…","","","","","","",""
"TR_COINS","Coins","","","","","","",""
"TR_COINS_SETTINGS_ALSO_DEFINES","Coins settings also defines the Discovery process when Trezor is connected. Each time you connect not remembered device, Trezor Suite needs to find out what accounts you have by going through each coin one by one. That can take between few seconds to few minutes if you allow all or too many coins.","","","","","","",""
"TR_CONFIRM_ACTION_ON_YOUR","Confirm action on your ""{deviceLabel}"" device.","","","","","","",""
"TR_CONFIRM_EMPTY_HIDDEN_WALLET","Confirm empty hidden wallet","","","","","","",""
"TR_CONFIRM_EMPTY_HIDDEN_WALLET_ON","Confirm empty hidden wallet passphrase on ""{deviceLabel}"" device.","","","","","","",""
"TR_CONFIRM_PASSPHRASE","Confirm passphrase","","","","","","",""
"TR_CONFIRM_PASSPHRASE_SOURCE","Confirm empty hidden wallet passphrase source on ""{deviceLabel}"" device.","","","","","","",""
"TR_CONFIRM_PIN","Confirm PIN","","","","","","",""
"TR_CONFIRMED_TX","Confirmed","","","","","","",""
"TR_CONNECT_DROPBOX","Connect Dropbox","","","","","","",""
"TR_CONNECT_TREZOR","Connect Trezor to continue...","","","","","","",""
"TR_CONNECT_TREZOR_TO_CONTINUE","Connect Trezor to continue","","","","","","",""
"TR_CONNECT_YOUR_DEVICE","Connect your device","Prompt to user to connect his device.","","","","","",""
"TR_CONNECT_YOUR_DEVICE_AGAIN","Connect your device again","Prompt to connect device.","","","","","",""
"TR_CONNECT_YOUR_TREZOR_TO_CHECK","Connect your Trezor to verify this address","","","","","","",""
"TR_CONNECTED","Connected","Device status","","","","","",""
"TR_CONNECTED_BOOTLOADER","Connected (bootloader mode)","Device status","","","","","",""
"TR_CONNECTED_DEVICE_IS_IN_BOOTLOADER","Connected device is in bootloader mode. Reconnect it to continue.","Text that indicates that user connected device in bootloader mode","","","","","",""
"TR_CONNECTED_NOT_INITIALIZED","Connected (not initialized)","Device status","","","","","",""
"TR_CONNECTED_SEEDLESS","Connected (seedless mode)","Device status","","","","","",""
"TR_CONNECTED_UPDATE_RECOMMENDED","Connected (update recommended)","Device status","","","","","",""
"TR_CONNECTED_UPDATE_REQUIRED","Connected (update required)","Device status","","","","","",""
"TR_CONNECTING_DOTDOTDOT","Connecting...","","","","","","",""
"TR_CONNECTION_STATUS","Connection Status","","","","","","",""
"TR_CONTACT_OUR_SUPPORT_LINK","contact our support","Part of sentence TR_DID_YOU_PURCHASE. Link to support","","","","","",""
"TR_CONTACT_SUPPORT","Contact support","Button to click to contact support","","","","","",""
"TR_CONTINUE","Continue","Continue button","","","","","",""
"TR_COPIED","Copied!","","","","","","",""
"TR_COPY_TO_CLIPBOARD","Copy to clipboard","","","","","","",""
"TR_CREATE_BACKUP","Create backup","","","","","","",""
"TR_CREATE_BACKUP_IN_3_MINUTES","Create a backup in 3 minutes","","","","","","",""
"TR_CURRENCY","Currency","","","","","","",""
"TR_CUSTOM_FEE","Custom","fee level","","","","","",""
"TR_CUSTOM_FEE_IS_NOT_SET","Fee is not set","","","","","","",""
"TR_CUSTOM_FEE_IS_NOT_VALID","Fee is not valid","","","","","","",""
"TR_CUSTOM_FEE_NOT_IN_RANGE","Allowed fee is between {minFee} and {maxFee}","","","","","","",""
"TR_DEACTIVATE_ALL","Deactivate all","","","","","","",""
"TR_DESTINATION_TAG_IS_NOT_NUMBER","Destination tag is not a number","","","","","","",""
"TR_DETECTING_BRIDGE","Detecting Trezor Bridge instalation","Message to show after user clicks download bridge.","","","","","",""
"TR_DEVICE","Device","Category in Settings","","","","","",""
"TR_DEVICE_DISCONNECTED_DURING_ACTION","Device disconnected during action","Error message","","","","","",""
"TR_DEVICE_DISCONNECTED_DURING_ACTION_DESCRIPTION","You device disconnected during action which resulted in interuption of backup process. For security reasons you need to wipe your device now and start the backup process again.","Error message. Instruction what to do.","","","","","",""
"TR_DEVICE_FIRMWARE_VERSION","Device firmware: {firmware}.","Display firmware of device","","","","","",""
"TR_DEVICE_IS_USED_IN_OTHER_WINDOW_BUTTON","Continue","","","","","","",""
"TR_DEVICE_IS_USED_IN_OTHER_WINDOW_HEADING","Device is used in other window","","","","","","",""
"TR_DEVICE_IS_USED_IN_OTHER_WINDOW_TEXT","This is a big no no. Please dont use device in other window. Close all other windows or tabs that might be using your Trezor device.","","","","","","",""
"TR_DEVICE_LABEL","Device label: {label}.","Display label of device","","","","","",""
"TR_DEVICE_LABEL_IS_DISCONNECTED","Device {deviceLabel} is disconnected","","","","","","",""
"TR_DEVICE_LABEL_IS_NOT_BACKED_UP","Device {deviceLabel} is not backed up","","","","","","",""
"TR_DEVICE_LABEL_IS_NOT_CONNECTED","Device {deviceLabel} is not connected","","","","","","",""
"TR_DEVICE_LABEL_IS_UNAVAILABLE","Device ""{deviceLabel}"" is unavailable","","","","","","",""
"TR_DEVICE_NEEDS_ATTENTION","Device needs attention","","","","","","",""
"TR_DEVICE_NOT_RECOGNIZED_TRY_INSTALLING","Device not recognized? Try installing the {link}.","","","","","","",""
"TR_DEVICE_SETTINGS","Device settings","","","","","","",""
"TR_DEVICE_SETTINGS_BUTTON_WIPE_DEVICE","Wipe device","","","","","","",""
"TR_DEVICE_SETTINGS_DEVICE_EDIT_LABEL","Edit Label","","","","","","",""
"TR_DEVICE_SETTINGS_DEVICE_LABEL","Device Label","","","","","","",""
"TR_DEVICE_SETTINGS_DISPLAY_ROTATION","Display rotation","","","","","","",""
"TR_DEVICE_SETTINGS_HOMESCREEN_IMAGE_SETTINGS","PNG or JPG, 144 x 144 pixels","","","","","","",""
"TR_DEVICE_SETTINGS_HOMESCREEN_SELECT_FROM_GALLERY","Select from gallery","","","","","","",""
"TR_DEVICE_SETTINGS_HOMESCREEN_TITLE","Homescreen background","","","","","","",""
"TR_DEVICE_SETTINGS_HOMESCREEN_UPLOAD_IMAGE","Upload image","","","","","","",""
"TR_DEVICE_SETTINGS_PASSPHRASE_DESC","Passphrase encryption adds an extra custom word to your recovery seed. This allows you to access new wallets, each hidden behind a particular passphrase. Your old accounts will be accessible with an empty passphrase.","","","","","","",""
"TR_DEVICE_SETTINGS_PASSPHRASE_DESC_MORE","If you forget your passphrase, your wallet is lost for good. There is no way to recover your funds.","","","","","","",""
"TR_DEVICE_SETTINGS_PASSPHRASE_TITLE","Passphrase","","","","","","",""
"TR_DEVICE_SETTINGS_PIN_PROTECTION_DESC","Using PIN protection is highly recommended. PIN prevents unauthorized persons from stealing your funds even if they have physical access to your device.","","","","","","",""
"TR_DEVICE_SETTINGS_PIN_PROTECTION_TITLE","PIN protection","","","","","","",""
"TR_DEVICE_YOU_RECONNECTED_IS_DIFFERENT","Device you reconnected is different from the previous device. Connect the right one.","Text that indicates that user reconnected different device than he was working with before","","","","","",""
"TR_DID_YOU_PURCHASE","Please note, that device packaging including holograms have changed over time. You can check packaging details {TR_PACKAGING_LINK}. Also be sure you made your purchase from {TR_RESELLERS_LINK}. Otherwise, the device you are holding in your hands might be a counterfeit. Please {TR_CONTACT_OUR_SUPPORT_LINK}","Text to display when user is unhappy with his hologram.","","","","","",""
"TR_DISCONNECT_YOUR_DEVICE","Disconnect your device","Prompt to disconnect device.","","","","","",""
"TR_DISCONNECTED","Disconnected","Device status","","","","","",""
"TR_DOCUMENTATION","documentation","Link to trezor documentation (wiki)","","","","","",""
"TR_DONT_HAVE_A_TREZOR","Don't have a Trezor? {getOne}","","","","","","",""
"TR_DONT_UPGRADE_BRIDGE","No, I don't want to upgrade Bridge now","","","","","","",""
"TR_DOUBLE_CLICK_IT_TO_RUN_INSTALLER","Double click it to run installer","Instruction for installing Trezor Bridge","","","","","",""
"TR_DOWNLOAD","Download","Download button","","","","","",""
"TR_DOWNLOAD_LATEST_BRIDGE","Download latest Bridge {version}","","","","","","",""
"TR_EAST","East","","","","","","",""
"TR_ENABLE_NETWORK_BUTTON","Find my {networkName} accounts","","","","","","",""
"TR_ENTER_EXISTING_PASSPHRASE","Enter existing passphrase to access existing hidden Wallet. Or enter new passphrase to create a new hidden Wallet.","","","","","","",""
"TR_ENTER_PASSPHRASE","Enter passphrase","","","","","","",""
"TR_ENTER_PASSPHRASE_ON_DEVICE","Enter passphrase on device","","","","","","",""
"TR_ENTER_PASSPHRASE_ON_DEVICE_LABEL","Enter passphrase on ""{deviceLabel}"" device.","","","","","","",""
"TR_ENTER_PIN","Enter PIN","Button. Submit PIN","","","","","",""
"TR_ENTER_PIN_HEADING","Enter PIN","","","","","","",""
"TR_ENTER_PIN_TEXT","Your device gets locked anytime you disconnect it. You now need to enter your PIN to continue.","","","","","","",""
"TR_ENTER_SEED_WORDS_INSTRUCTION","Enter words from your seed in order displayed on your device.","User is instructed to enter words from seed (backup) into the form in browser","","","","","",""
"TR_ENTERED_PIN_NOT_CORRECT","Entered PIN for ""{deviceLabel}"" is not correct","","","","","","",""
"TR_ESTIMATED_TIME","Estimated time","","","","","","",""
"TR_ETH_DATA_NOT_HEX","Data is not hex","","","","","","",""
"TR_ETH_GAS_LIMIT_NOT_NUMBER","Gas limit is not a number","","","","","","",""
"TR_ETH_GAS_PRICE_NOT_NUMBER","Gas price is not a number","","","","","","",""
"TR_EXCHANGE_RATE","Exchange rate","","","","","","",""
"TR_FAILED_BACKUP","Backup failed. This is serious.","","","","","","",""
"TR_FEE","Fee","Label in Send form","","","","","",""
"TR_FIAT_RATES_ARE_NOT_CURRENTLY","Fiat rates are not currently available.","","","","","","",""
"TR_FINAL_HEADING","Good job! All done","Heading in newsletter step","","","","","",""
"TR_FINAL_SUBHEADING","You did it! Not only your Trezor is initialized and ready but you also increased your security level above the average user by going through all security steps. Good job!","","","","","","",""
"TR_FIND_OUT_MORE_INFO","Find out more info","","","","","","",""
"TR_FINISH_ADVANCED_SECURITY","Finish advanced security","","","","","","",""
"TR_FIRMWARE_HEADING","Firmware installation","Heading on firmware page","","","","","",""
"TR_FIRMWARE_INSTALLED","Perfect. The newest firmware is installed. Time to continue","Message to display in case firmware is installed","","","","","",""
"TR_FIRMWARE_INSTALLED_TEXT","This device has already installed firmware version: {version}","Text to display in case device has firmware installed but it is outdated","","","","","",""
"TR_FIRMWARE_SUBHEADING","Your Trezor is shipped without firmware installed to ensure that you can get started with the latest features right away. The authenticity of the installed firmware is always checked during device start. If the firmware is not correctly signed by SatoshiLabs, your Trezor will display a warning.","Main text on firmware page for devices without firmware.","","","","","",""
"TR_FIRMWARE_VERSION","Firmware version","","","","","","",""
"TR_FIRST_PIN_ENTERED","Good. You entered a new pin. But to make sure you did not make mistake, please enter it again. Look at your device now, numbers are now different.","Text describing what happens after user enters PIN for the first time.","","","","","",""
"TR_FIRST_SEEN","First Seen","","","","","","",""
"TR_FOR_EASIER_AND_SAFER_INPUT","For easier and safer input you can scan recipient’s address from a QR code using your computer camera.","","","","","","",""
"TR_FOUND_OK_DEVICE","Found an empty device, yay! You can continue now.","Case when device was connected and it is in expected state (not initialized)","","","","","",""
"TR_GATHERING_INFO","Gathering information, please wait...","","","","","","",""
"TR_GENERAL","General","Category in Settings","","","","","",""
"TR_GET_ONE","Get one","Part of the sentence: Dont have a Trezor? Get one","","","","","",""
"TR_GO_TO_EXTERNAL_WALLET","Go to external wallet","","","","","","",""
"TR_GO_TO_SECURITY","Continue to backup","Button in security page (start security setup)","","","","","",""
"TR_HELP_TREZOR_SUITE","Help Trezor Suite get better","","","","","","",""
"TR_HELP_TREZOR_SUITE_TEXT_1","Help Trezor Suite become a better product by sending us {TR_HELP_TREZOR_SUITE_TEXT_1_FAT}.","","","","","","",""
"TR_HELP_TREZOR_SUITE_TEXT_1_FAT","anonymous analytics data.","","","","","","",""
"TR_HELP_TREZOR_SUITE_TEXT_2","Trezor Suite does NOT track any balance-related or personal data.","","","","","","",""
"TR_HIDE_ADVANCED_OPTIONS","Hide advanced options","Hide advanced sending form","","","","","",""
"TR_HIDE_WALLET","Hide wallet","","","","","","",""
"TR_HIDE_WALLET_EXPLANATION","Explanation what the 'hide wallet' button does","","","","","","",""
"TR_HOLOGRAM_STEP_ACTION_NOT_OK","My hologram looks different","Button to click when hologram looks different","","","","","",""
"TR_HOLOGRAM_STEP_ACTION_OK","My hologram is OK","Button to click in allright case","","","","","",""
"TR_HOLOGRAM_STEP_HEADING","Hologram check","Heading on hologram step page","","","","","",""
"TR_HOLOGRAM_STEP_SUBHEADING","Please make sure hologram protecting your device is authentic","Subheading on hologram step page","","","","","",""
"TR_HOW_PIN_WORKS","Not sure how PIN works?","","","","","","",""
"TR_I_UNDERSTAND_PASSPHRASE","I understand passphrase is not saved anywhere and can’t be restored.","","","","","","",""
"TR_IF_YOUR_DEVICE_IS_EVER_LOST","If you lose or damage the device, your funds will be lost.","","","","","","",""
"TR_IMPORTED_ACCOUNT_HASH","Imported account #{number}","Used in auto-generated label for imported accounts","","","","","",""
"TR_INCOMING","Incoming","","","","","","",""
"TR_INSTALL","Install","Install button","","","","","",""
"TR_INSTALLING","Do not disconnect your device. Installing","Message that is visible when installing process is in progress.","","","","","",""
"TR_INSTRUCTION_TO_SKIP","You should skip setup and continue to wallet and check if you have any funds on this device.","Instruction what to do when user knows the device he is holding was manipulated by him, not someone else.","","","","","",""
"TR_IS_NOT_NEW_DEVICE","According to your decision in a previous step, this was supposed to be a fresh device. But we were able to detect already installed firmware on it.","Just a message that we show after user selects that he wants to setup device as a new one but we detect that it apparently is not","","","","","",""
"TR_LABELING","Labeling","","","","","","",""
"TR_LANGUAGE","Language","","","","","","",""
"TR_LEARN_MORE","Learn more","Link to Trezor wiki.","","","","","",""
"TR_LEARN_MORE_ABOUT_LATEST_VERSION","Learn more about latest version in {TR_CHANGELOG}.","","","","","","",""
"TR_LEARN_MORE_LINK","Learn more.","Link to Trezor wiki.","","","","","",""
"TR_LEGACY_ACCOUNTS","Legacy accounts","","","","","","",""
"TR_LOADING_ACCOUNT","Loading account","","","","","","",""
"TR_LOADING_DEVICE_DOT_DOT_DOT","Loading device...","","","","","","",""
"TR_LOADING_OTHER_ACCOUNTS","Loading other accounts...","","","","","","",""
"TR_LOADING_TRANSACTIONS","Loading transactions","","","","","","",""
"TR_LOG","Log","application event and error","","","","","",""
"TR_LOOKING_FOR_QUICK_EASY","Looking for a quick & easy way to buy BTC? We got you covered.","","","","","","",""
"TR_LTC_ADDRESS_INFO","Litecoin changed the format of addresses. Find more info about how to convert your address on our blog. {TR_LEARN_MORE}","","","","","","",""
"TR_MARK_ALL_AS_READ","Mark all as read","","","","","","",""
"TR_MAXIMUM_LENGTH_IS_9_DIGITS","Maximum length is 9 digits.","","","","","","",""
"TR_MESSAGE","Message","Used as a label for message input field in Sign and Verify form","","","","","",""
"TR_MINED_TIME","Mined Time","","","","","","",""
"TR_MODEL_ONE","Model one","Name of Trezor model 1","","","","","",""
"TR_MODEL_T","Model T","Name of Trezor model T","","","","","",""
"TR_MORE_WORDS_TO_ENTER","{count} words to enter.","How many words will user need to enter before recovery is finished.","","","","","",""
"TR_NAV_RECEIVE","Receive","Title of the navigation tab that contains the account address","","","","","",""
"TR_NAV_SEND","Send","Title of the navigation tab that contains a form for sending funds","","","","","",""
"TR_NAV_SIGN_AND_VERIFY","Sign & Verify","Title of the navigation tab that contains a form for signing and verifying messages","","","","","",""
"TR_NAV_TRANSACTIONS","Transactions","Title of the navigation tab that contains tx history.","","","","","",""
"TR_NEM_WALLET","NEM wallet","","","","","","",""
"TR_NETWORK_BITCOIN","Bitcoin","","","","","","",""
"TR_NETWORK_BITCOIN_CASH","Bitcoin Cash","","","","","","",""
"TR_NETWORK_BITCOIN_GOLD","Bitcoin Gold","","","","","","",""
"TR_NETWORK_BITCOIN_TESTNET","Bitcoin Testnet","","","","","","",""
"TR_NETWORK_CARDANO","Cardano","","","","","","",""
"TR_NETWORK_DASH","Dash","","","","","","",""
"TR_NETWORK_DIGIBYTE","Digibyte","","","","","","",""
"TR_NETWORK_DOGECOIN","Dogecoin","","","","","","",""
"TR_NETWORK_ETHEREUM","Ethereum","","","","","","",""
"TR_NETWORK_ETHEREUM_CLASSIC","Ethereum Classic","","","","","","",""
"TR_NETWORK_ETHEREUM_TESTNET","Ethereum Testnet","","","","","","",""
"TR_NETWORK_LITECOIN","Litecoin","","","","","","",""
"TR_NETWORK_NAMECOIN","Namecoin","","","","","","",""
"TR_NETWORK_NEM","NEM","","","","","","",""
"TR_NETWORK_STELLAR","Stellar","","","","","","",""
"TR_NETWORK_TEZOS","Tezos","","","","","","",""
"TR_NETWORK_TYPE_LEGACY","legacy","","","","","","",""
"TR_NETWORK_TYPE_NORMAL","normal","","","","","","",""
"TR_NETWORK_TYPE_SEGWIT","segwit","","","","","","",""
"TR_NETWORK_UNKNOWN","unknown","","","","","","",""
"TR_NETWORK_VERTCOIN","Vertcoin","","","","","","",""
"TR_NETWORK_XRP","XRP","","","","","","",""
"TR_NETWORK_XRP_TESTNET","XRP Testnet","","","","","","",""
"TR_NETWORK_ZCASH","Zcash","","","","","","",""
"TR_NEW_COMMUNICATION_TOOL","New communication tool to facilitate the connection between your Trezor and your internet browser.","","","","","","",""
"TR_NEW_TREZOR_BRIDGE_IS_AVAILABLE","New Trezor Bridge is available.","","","","","","",""
"TR_NEW_TREZOR_FIRMWARE_IS_AVAILABLE_DOT","New Trezor firmware is available.","","","","","","",""
"TR_NO_PASSPHRASE_WALLET","No-passphrase wallet","","","","","","",""
"TR_NORTH","North","","","","","","",""
"TR_NUM_ACCOUNTS_FIAT_VALUE","{accountsCount} {accountsCount, plural, one {account} other {accounts}} • {fiatValue}","Used as title for a wallet instance in Switch Device modal","","","","","",""
"TR_OFFLINE","Offline","","","","","","",""
"TR_ONCE_YOU_SEND_OR_RECEIVE","Once you send or receive your first transaction it will show up here. Until then, wanna buy some crypto? Click the button below to begin your shopping spree!","","","","","","",""
"TR_ONLINE","Online","","","","","","",""
"TR_OOPS_SOMETHING_WENT_WRONG","Oops! Something went wrong!","","","","","","",""
"TR_OUTGOING","Outgoing","","","","","","",""
"TR_PACKAGING_LINK","here","Part of sentence TR_DID_YOU_PURCHASE. Link to support","","","","","",""
"PASSPHRASE_CASE_SENSITIVE","Note: Passphrase is case-sensitive.","","","","","","",""
"TR_PASSPHRASE_HIDDEN_WALLET","Passphrase (hidden) wallet","","","","","","",""
"TR_PASSPHRASE_TOO_LONG","The passphrase length has exceed the allowed limit.","","","","","","",""
"TR_PASSPHRASE_WALLET","Passphrase wallet","","","","","","",""
"TR_PENDING","Pending","Pending transaction with no confirmations","","","","","",""
"TR_PIN_ERROR_TROUBLESHOOT","Are you confused, how PIN works? You can always refer to our {TR_DOCUMENTATION}","Troubleshooting text after user enters second PIN incorrectly.","","","","","",""
"TR_PIN_HEADING_FIRST","Set new PIN","Heading in PIN page when entering PIN for the first time","","","","","",""
"TR_PIN_HEADING_MISMATCH","PIN mismatch","Heading in PIN page when PIN repeated incorrectly","","","","","",""
"TR_PIN_HEADING_REPEAT","Repeat PIN","Heading in PIN page when repeating PIN","","","","","",""
"TR_PIN_HEADING_SUCCESS","PIN enabled","Heading in PIN page when PIN set","","","","","",""
"TR_PIN_SET_SUCCESS","Purfect! Your device is now secured by pin.","Longer text indicating PIN was set succesfully.","","","","","",""
"TR_PIN_SUBHEADING","Protect device from unauthorized access by using a strong pin.","Subheading on PIN page","","","","","",""
"TR_PLEASE_ALLOW_YOUR_CAMERA","Please allow your camera to be able to scan a QR code.","","","","","","",""
"TR_PLEASE_CONNECT_YOUR_DEVICE","Please connect your device to continue with the verification process","","","","","","",""
"TR_PLEASE_DISABLE_PASSPHRASE","Please disable passphrase settings to continue with the verification process.","","","","","","",""
"TR_PLEASE_ENABLE_PASSPHRASE","Please enable passphrase settings to continue with the verification process.","","","","","","",""
"TR_PRIMARY_FIAT","Primary FIAT currency to display","","","","","","",""
"TR_RANDOM_SEED_WORDS_DISCLAIMER","Please note, that to maximaze security, your device will ask you to enter {count} fake words that are not part of your seed.","User is instructed to enter words from seed (backup) into the form in browser","","","","","",""
"TR_READ_MORE","Read more","","","","","","",""
"TR_RECEIVE","Receive","","","","","","",""
"TR_RECIPIENT_ADDRESS","Recipient address","","","","","","",""
"TR_RECONNECT_HEADER","Reconnect your device","","","","","","",""
"TR_RECONNECT_TEXT","We lost connection with your device. This might mean:","","","","","","",""
"TR_RECONNECT_TROUBLESHOOT_BRIDGE","Trezor bridge might have stopped working, try restarting","","","","","","",""
"TR_RECONNECT_TROUBLESHOOT_CABEL","Cable is broken, try another one","","","","","","",""
"TR_RECONNECT_TROUBLESHOOT_CONNECTION","Device is not well connected to the cable","","","","","","",""
"TR_RECOVER_SUBHEADING","It is possible to re-create device from bip39 backup. First of all, chose number of words of your backup.","Subheading in recover page. Basic info about recovery","","","","","",""
"TR_RECOVER_SUBHEADING_MODEL_T","On model T the entire recovery process is doable on device.","Subheading in recover page. Basic info about recovery","","","","","",""
"TR_RECOVERY_ERROR","Device recovery failed with error: {error}","Error during recovery. For example wrong word retyped or device disconnected","","","","","",""
"TR_RECOVERY_SEED_IS","Recovery seed is a list of words in a specific order which store all the information needed.","","","","","","",""
"TR_RECOVERY_TYPES_DESCRIPTION","Both methods are safe. Basic recovery uses on computer input of words in randomized order. Advanced recovery uses on-screen input to load your recovery seed. {TR_LEARN_MORE_LINK}","There are two methods of recovery for T1. This is a short explanation text.","","","","","",""
"TR_REMEMBER_ALLOWS_YOU_TO","Remember allows you to access any wallet in watch-only mode without connected device.","","","","","","",""
"TR_REMEMBER_WALLET","Remember wallet","","","","","","",""
"TR_RESELLERS_LINK","a trusted reseller","Part of sentence TR_DID_YOU_PURCHASE. Link to page with trusted resellers list","","","","","",""
"TR_RETRY","Retry","Retry button","","","","","",""
"TR_RETRYING_DOT_DOT","Retrying...","","","","","","",""
"TR_SCAN_QR_CODE","Scan QR code","Title for the Scan QR modal dialog","","","","","",""
"TR_SECURITY_HEADING","Trezor successfully initialized!","Heading in security page","","","","","",""
"TR_SECURITY_SUBHEADING","Your Trezor has been successfully initialized and is ready to be used. Your Wallet has been successfully created and is ready to be used as well. Wheeee!","Text in security page","","","","","",""
"TR_SEED_MANUAL_LINK","recovery seed","Link. Part of TR_BACKUP_SUBHEADING_1","","","","","",""
"TR_SELECT_DEVICE","Select device","","","","","","",""
"TR_SELECT_PASSPHRASE_SOURCE","Select passphrase source on ""{deviceLabel}"" device.","","","","","","",""
"TR_SELECT_WALLET_TO_ACCESS","Select a wallet to access","","","","","","",""
"TR_SELECT_YOUR_DEVICE_HEADING","Select your device","Heading on select your device page","","","","","",""
"TR_SEND","Send {amount}","","","","","","",""
"TR_SEND_NETWORK","Send {network}","","","","","","",""
"TR_SEND_NETWORK_AND_TOKENS","Send {network} and tokens","","","","","","",""
"TR_SENT_TO_SELF","(Sent to self)","","","","","","",""
"TR_SET_PIN","Set pin","Button text","","","","","",""
"TR_SET_UP_NEW_PIN","Set up new PIN","","","","","","",""
"TR_SET_UP_STRONG_PIN_TO_PROTECT","Set up a strong PIN to protect your device from unauthorized access. The keypad layout is displayed on your connected Trezor device.","","","","","","",""
"TR_SETTINGS","Settings","","","","","","",""
"TR_SHOW_ADDRESS_I_WILL_TAKE_THE_RISK","Show address, I will take the risk","","","","","","",""
"TR_SHOW_ADVANCED_OPTIONS","Show advanced options","Shows advanced sending form","","","","","",""
"TR_SHOW_DETAILS","Show details","","","","","","",""
"TR_SHOW_DETAILS_IN_BLOCK_EXPLORER","Show details in Block Explorer","","","","","","",""
"TR_SHOW_OLDER_NEWS","Show older news","","","","","","",""
"TR_SHOW_ON_TREZOR","Show on Trezor","","","","","","",""
"TR_SHOW_UNVERIFIED_ADDRESS","Show unverified address","","","","","","",""
"TR_SIGN","Sign","Sign button in Sign and Verify form","","","","","",""
"TR_SIGN_MESSAGE","Sign Message","Header for the Sign and Verify form","","","","","",""
"TR_SIGNATURE","Signature","Used as a label for signature input field in Sign and Verify form","","","","","",""
"TR_SKIP","Skip","Button. Skip one step","","","","","",""
"TR_SKIP_ALL","Skip onboarding","Button. Skip the entire onboarding process.","","","","","",""
"TR_SKIP_ONBOARDING_HEADING","Skipping onboarding? One more thing…","","","","","","",""
"TR_SKIP_ONBOARDING_TEXT","If your device is initialiazed and you used Wallet or Suite before, that’s great! Did you initialize Trezor yourself? You should be the one doing it. If not, it might be dangerous.","","","","","","",""
"TR_SKIP_SECURITY","Skip backup and PIN","Button in security page (skip security setup)","","","","","",""
"TR_SOLVE_ISSUE","Solve issue","","","","","","",""
"TR_SOUTH","South","","","","","","",""
"TR_START_AGAIN","Start again","Button text","","","","","",""
"TR_START_BACKUP","Start backup","Button text","","","","","",""
"TR_START_RECOVERY","Start recovery","Button.","","","","","",""
"TR_STATUS","Status","","","","","","",""
"TR_STATUS_UNKNOWN","Status unknown","Device status","","","","","",""
"TR_STELLAR_WALLET","Stellar wallet","","","","","","",""
"TR_SUITE_VERSION","Suite version","","","","","","",""
"TR_SUPPORT","Support","","","","","","",""
"TR_SWITCH_DEVICE","Switch Device","","","","","","",""
"TR_TAKE_ME_BACK_TO_WALLET","Take me back to the wallet","","","","","","",""
"TR_TESTNET_COINS","Testnet coins","","","","","","",""
"TR_TESTNET_COINS_EXPLAINED","Testnet coins dont have any value but you still may use them to learn and experiment.","","","","","","",""
"TR_TEZOS_WALLET","Tezos wallet","","","","","","",""
"TR_THE_PIN_LAYOUT_IS_DISPLAYED","The PIN layout is displayed on your Trezor.","","","","","","",""
"TR_THIS_HIDDEN_WALLET_IS_EMPTY","This hidden Wallet is empty. To make sure you are in the correct Wallet, confirm Passphrase","","","","","","",""
"TR_THIS_HIDDEN_WALLET_IS_EMPTY_SOURCE","This hidden Wallet is empty. To make sure you are in the correct Wallet, select Passphrase source.","","","","","","",""
"TR_THIS_IS_PLACE_TO_SEE_ALL","This is a place to see all your devices. You can further set them up in Settings but here you can switch between devices and see their statuses.","","","","","","",""
"TR_TO_ACCESS_STANDARD_NO_PASSPHRASE","To access standard (no-passphrase) Wallet click the button below.","","","","","","",""
"TR_TO_FIND_YOUR_ACCOUNTS_AND","To find your accounts and funds we need to perform a coin discovery which will discover all your coins.","","","","","","",""
"TR_TO_PREVENT_PHISHING_ATTACKS_COMMA","To prevent phishing attacks, you should verify the address on your Trezor first. {claim}","","","","","","",""
"TR_HELP_TREZOR_SUITE_TEXT","Oh, by the way, we had to pay a hell lot of money to our lawyers to create some {TR_TOS_LINK}","","","","","","",""
"TR_TOS_LINK","Terms & Conditions.","","","","","","",""
"TR_TOTAL_INPUT","Total Input","","","","","","",""
"TR_TOTAL_OUTPUT","Total Output","","","","","","",""
"TR_TOTAL_PORTFOLIO_VALUE","Total portfolio value","","","","","","",""
"TR_TRANSACTION_DETAILS","Transaction details","","","","","","",""
"TR_TRANSACTION_ID","Transaction ID","","","","","","",""
"TR_TREZOR","Trezor","Link in header navigation","","","","","",""
"TR_TREZOR_BRIDGE_IS_NOT_RUNNING","Trezor Bridge is not running","","","","","","",""
"TR_TREZOR_BRIDGE_IS_RUNNING_VERSION","Trezor Bridge is running. Version: {version}","","","","","","",""
"TR_TRY_AGAIN","Try again","Try to run the process again","","","","","",""
"TR_TX_CONFIRMATIONS","{confirmationsCount} {confirmationsCount, plural, one {confirmation} other {confirmations}}","","","","","","",""
"TR_TX_CURRENT_VALUE","Current Value","","","","","","",""
"TR_TX_FEE","Fee","","","","","","",""
"TR_TX_HISTORICAL_VALUE_DATE","Historical Value ({date})","","","","","","",""
"TR_TX_TYPE","Type","","","","","","",""
"TR_UNAVAILABLE","Unavailable","Device status","","","","","",""
"TR_UNCONFIRMED_TX","Unconfirmed","","","","","","",""
"TR_UNDISCOVERED_WALLET","Undiscovered wallet","","","","","","",""
"TR_UNKNOWN","Unknown","","","","","","",""
"TR_UNKNOWN_CONFIRMATION_TIME","unknown","","","","","","",""
"TR_UNKNOWN_TRANSACTION","(Unknown transaction)","","","","","","",""
"TR_UNKOWN_ERROR_SEE_CONSOLE","Unknown error. See console logs for details.","","","","","","",""
"TR_UNLOCK","Unlock","","","","","","",""
"TR_UNREADABLE","Unreadable","Device status","","","","","",""
"TR_UNVERIFIED_ADDRESS_COMMA_CONNECT","Unverified address, connect your Trezor to verify it","","","","","","",""
"TR_UNVERIFIED_ADDRESS_COMMA_SHOW","Unverified address, show on Trezor.","","","","","","",""
"TR_UPLOAD_IMAGE","Upload Image","","","","","","",""
"TR_USED_IN_ANOTHER_WINDOW","Used in other window","Device status","","","","","",""
"TR_USER_HAS_NOT_WORKED_WITH_THIS_DEVICE","It is a brand new device, just unpacked","Option to click when troubleshooting initialized device.","","","","","",""
"TR_USER_HAS_NOT_WORKED_WITH_THIS_DEVICE_INSTRUCTIONS","In that case you should immediately contact Trezor support with detailed information on your purchase and refrain from using this device.","What to do if device is already initialized but not by user.","","","","","",""
"TR_USER_HAS_WORKED_WITH_THIS_DEVICE","I have worked with it before","Option to click when troubleshooting initialized device.","","","","","",""
"TR_VALUES","Values","","","","","","",""
"TR_VERIFY","Verify","Verify button in Sign and Verify form","","","","","",""
"TR_VERIFY_MESSAGE","Verify Message","Header for the Sign and Verify form","","","","","",""
"TR_VERSION_IS_LOADING","Version is loading","","","","","","",""
"TR_WAIT_FOR_FILE_TO_DOWNLOAD","Wait for file to download","Instruction for installing Trezor Bridge","","","","","",""
"TR_WAIT_FOR_REBOOT","Wait for your device to reboot","Info what is happening with users device.","","","","","",""
"TR_WALLET","Wallet","Category in Settings","","","","","",""
"TR_WALLET_DUPLICATE_DESC","The hidden wallet that you are trying to create already exists","","","","","","",""
"TR_WALLET_DUPLICATE_RETRY","Try again with different passphrase","","","","","","",""
"TR_WALLET_DUPLICATE_SWITCH","Switch to existing wallet","","","","","","",""
"TR_WALLET_DUPLICATE_TITLE","Passphrase duplicated","","","","","","",""
"TR_WAS_USED_IN_ANOTHER_WINDOW","Reload session","Device status","","","","","",""
"TR_WELCOME_MODAL_HEADING","Welcome to Trezor Suite!","","","","","","",""
"TR_WELCOME_MODAL_TEXT","The one place for all your crypto matters.","","","","","","",""
"TR_WELCOME_TO_TREZOR","First-time user or an ol’ Trezor fella?","","","","","","",""
"TR_WELCOME_TO_TREZOR_TEXT","Choose your path and let the Trezor Force be with you!.","","","","","","",""
"TR_WEST","West","","","","","","",""
"TR_WHAT_IS_PASSPHRASE","What is passphrase","","","","","","",""
"TR_WHAT_TO_DO_NOW","What to do now","","","","","","",""
"TR_WHATS_NEW","What's new","","","","","","",""
"TR_WIPING_YOUR_DEVICE","Wiping the device removes all its information. Only wipe your device if you have your device if you have your recovery seed at hand or there are no funds stored on this device.","","","","","","",""
"TR_WORDS","{count} words","Number of words. For example: 12 words","","","","","",""
"TR_XRP_DESTINATION_TAG","Destination tag","","","","","","",""
"TR_XRP_RESERVE_INFO","Ripple addresses require a minimum balance of {minBalance} XRP to activate and maintain the account. {TR_LEARN_MORE}","","","","","","",""
"TR_YOU_WERE_DISCONNECTED_DOT","You were disconnected.","","","","","","",""
"TR_YOUR_CURRENT_FIRMWARE","Your current firmware version is {version}","","","","","","",""
"TR_YOUR_CURRENT_VERSION","Your current Suite version is 1.2.0","","","","","","",""
"TR_YOUR_TREZOR_IS_NOT_BACKED_UP","Your Trezor is not backed up.","","","","","","",""
"TR_YOUR_WALLET_IS_READY_WHAT","Your Wallet is ready. What to do now?","","","","","","",""
"TR_MODAL_CONFIRM_TX_TITLE","Confirm transaction","","","","","","",""
"TR_MODAL_CONFIRM_TX_BUTTON","Confirm transaction","","","","","","",""
"TR_ADDRESS_FROM","From","","","","","","",""
"TR_EDIT","Edit","","","","","","",""
"TR_GAS_PRICE","Gas price","","","","","","",""
"TR_SEND_REVIEW_TRANSACTION","Review Transaction","","","","","","",""
"TR_TO","To","","","","","","",""
"TR_RECIPIENT_ADDRESS_TOOLTIP","TR_RECIPIENT_ADDRESS_TOOLTIP","","","","","","",""
"TR_SEND_DATA_TOOLTIP","TR_SEND_DATA_TOOLTIP","","","","","","",""
"TR_SEND_GAS_LIMIT_TOOLTIP","TR_SEND_GAS_LIMIT_TOOLTIP","","","","","","",""
"TR_SEND_GAS_PRICE_TOOLTIP","TR_SEND_GAS_PRICE_TOOLTIP","","","","","","",""
"TR_XRP_DESTINATION_TAG_TOOLTIP","TR_XRP_DESTINATION_TAG_TOOLTIP","","","","","","",""
"TR_SEND_FEE_TOOLTIP","TR_SEND_FEE_TOOLTIP","","","","","","",""
"TR_SEND_AMOUNT_TOOLTIP","TR_SEND_AMOUNT_TOOLTIP","","","","","","",""
